<?xml version="1.0" encoding="UTF-8" standalone="yes"?><studentiPredmetu><studentPredmetu><osCislo>R18549</osCislo><jmeno>Karim</jmeno><prijmeni>AL KUHALY</prijmeni><stav>S</stav><userName>alkka00</userName><stprIdno>514</stprIdno><nazevSp>Informatika</nazevSp><fakultaSp>PRF</fakultaSp><kodSp>B1801</kodSp><formaSp>P</formaSp><typSp>B</typSp><typSpKey>7</typSpKey><mistoVyuky>O</mistoVyuky><rocnik>2</rocnik><financovani>1</financovani><oborKomb>APLINF</oborKomb><oborIdnos>1037</oborIdnos><email>alkka00@prfnw.upol.cz</email><cisloKarty>15DCF797</cisloKarty><pohlavi>M</pohlavi><evidovanBankovniUcet>N</evidovanBankovniUcet><statutPredmetu>B</statutPredmetu></studentPredmetu><studentPredmetu><osCislo>R18128</osCislo><jmeno>Jiří</jmeno><prijmeni>BERAN</prijmeni><stav>S</stav><userName>beraji03</userName><stprIdno>514</stprIdno><nazevSp>Informatika</nazevSp><fakultaSp>PRF</fakultaSp><kodSp>B1801</kodSp><formaSp>P</formaSp><typSp>B</typSp><typSpKey>7</typSpKey><mistoVyuky>O</mistoVyuky><rocnik>2</rocnik><financovani>1</financovani><oborKomb>INF</oborKomb><oborIdnos>45</oborIdnos><email>beraji03@prfnw.upol.cz</email><cisloKarty>CCB0BE96</cisloKarty><pohlavi>M</pohlavi><evidovanBankovniUcet>A</evidovanBankovniUcet><statutPredmetu>B</statutPredmetu></studentPredmetu><studentPredmetu><osCislo>R18556</osCislo><jmeno>Daniel</jmeno><prijmeni>DVOŘÁK</prijmeni><stav>S</stav><userName>dvorda10</userName><stprIdno>514</stprIdno><nazevSp>Informatika</nazevSp><fakultaSp>PRF</fakultaSp><kodSp>B1801</kodSp><formaSp>P</formaSp><typSp>B</typSp><typSpKey>7</typSpKey><mistoVyuky>O</mistoVyuky><rocnik>2</rocnik><financovani>1</financovani><oborKomb>APLINF</oborKomb><oborIdnos>1037</oborIdnos><email>dvorda10@prfnw.upol.cz</email><cisloKarty>CCAD3426</cisloKarty><pohlavi>M</pohlavi><evidovanBankovniUcet>A</evidovanBankovniUcet><statutPredmetu>B</statutPredmetu></studentPredmetu><studentPredmetu><osCislo>R180499</osCislo><jmeno>Ruslan</jmeno><prijmeni>DYSHLIUK</prijmeni><stav>S</stav><userName>dyshru00</userName><stprIdno>514</stprIdno><nazevSp>Informatika</nazevSp><fakultaSp>PRF</fakultaSp><kodSp>B1801</kodSp><formaSp>P</formaSp><typSp>B</typSp><typSpKey>7</typSpKey><mistoVyuky>O</mistoVyuky><rocnik>2</rocnik><financovani>1</financovani><oborKomb>INF</oborKomb><oborIdnos>45</oborIdnos><email>dyshru00@prfnw.upol.cz</email><cisloKarty>15E1F537</cisloKarty><pohlavi>M</pohlavi><evidovanBankovniUcet>A</evidovanBankovniUcet><statutPredmetu>B</statutPredmetu></studentPredmetu><studentPredmetu><osCislo>R180023</osCislo><jmeno>Šimon</jmeno><prijmeni>FIALA</prijmeni><stav>S</stav><userName>fialsi00</userName><stprIdno>514</stprIdno><nazevSp>Informatika</nazevSp><fakultaSp>PRF</fakultaSp><kodSp>B1801</kodSp><formaSp>P</formaSp><typSp>B</typSp><typSpKey>7</typSpKey><mistoVyuky>O</mistoVyuky><rocnik>2</rocnik><financovani>1</financovani><oborKomb>APLINF</oborKomb><oborIdnos>1037</oborIdnos><email>fialsi00@prfnw.upol.cz</email><cisloKarty>15DDC287</cisloKarty><pohlavi>M</pohlavi><evidovanBankovniUcet>A</evidovanBankovniUcet><statutPredmetu>B</statutPredmetu></studentPredmetu><studentPredmetu><osCislo>R18560</osCislo><jmeno>Michael</jmeno><prijmeni>HANZL</prijmeni><stav>S</stav><userName>hanzmi00</userName><stprIdno>514</stprIdno><nazevSp>Informatika</nazevSp><fakultaSp>PRF</fakultaSp><kodSp>B1801</kodSp><formaSp>P</formaSp><typSp>B</typSp><typSpKey>7</typSpKey><mistoVyuky>O</mistoVyuky><rocnik>2</rocnik><financovani>1</financovani><oborKomb>APLINF</oborKomb><oborIdnos>1037</oborIdnos><email>hanzmi00@prfnw.upol.cz</email><cisloKarty>15E2F487</cisloKarty><pohlavi>M</pohlavi><evidovanBankovniUcet>A</evidovanBankovniUcet><statutPredmetu>B</statutPredmetu></studentPredmetu><studentPredmetu><osCislo>R18562</osCislo><jmeno>Petr</jmeno><prijmeni>JANČÁR</prijmeni><stav>S</stav><userName>jancpe03</userName><stprIdno>514</stprIdno><nazevSp>Informatika</nazevSp><fakultaSp>PRF</fakultaSp><kodSp>B1801</kodSp><formaSp>P</formaSp><typSp>B</typSp><typSpKey>7</typSpKey><mistoVyuky>O</mistoVyuky><rocnik>2</rocnik><financovani>1</financovani><oborKomb>APLINF</oborKomb><oborIdnos>1037</oborIdnos><email>jancpe03@prfnw.upol.cz</email><cisloKarty>CCB0BCD6</cisloKarty><pohlavi>M</pohlavi><evidovanBankovniUcet>A</evidovanBankovniUcet><statutPredmetu>B</statutPredmetu></studentPredmetu><studentPredmetu><osCislo>R18133</osCislo><jmeno>Ivana</jmeno><prijmeni>JELÍNKOVÁ</prijmeni><stav>S</stav><userName>jeliiv01</userName><stprIdno>514</stprIdno><nazevSp>Informatika</nazevSp><fakultaSp>PRF</fakultaSp><kodSp>B1801</kodSp><formaSp>P</formaSp><typSp>B</typSp><typSpKey>7</typSpKey><mistoVyuky>O</mistoVyuky><rocnik>2</rocnik><financovani>1</financovani><oborKomb>INF</oborKomb><oborIdnos>45</oborIdnos><email>jeliiv01@prfnw.upol.cz</email><cisloKarty>CCB50A16</cisloKarty><pohlavi>Ž</pohlavi><evidovanBankovniUcet>A</evidovanBankovniUcet><statutPredmetu>B</statutPredmetu></studentPredmetu><studentPredmetu><osCislo>R18566</osCislo><jmeno>Lukáš</jmeno><prijmeni>JIŘÍČEK</prijmeni><stav>S</stav><userName>jirilu00</userName><stprIdno>514</stprIdno><nazevSp>Informatika</nazevSp><fakultaSp>PRF</fakultaSp><kodSp>B1801</kodSp><formaSp>P</formaSp><typSp>B</typSp><typSpKey>7</typSpKey><mistoVyuky>O</mistoVyuky><rocnik>2</rocnik><financovani>1</financovani><oborKomb>APLINF</oborKomb><oborIdnos>1037</oborIdnos><email>jirilu00@prfnw.upol.cz</email><cisloKarty>0CA3A117</cisloKarty><pohlavi>M</pohlavi><evidovanBankovniUcet>A</evidovanBankovniUcet><statutPredmetu>B</statutPredmetu></studentPredmetu><studentPredmetu><osCislo>R18571</osCislo><jmeno>Petr</jmeno><prijmeni>KOZÁK</prijmeni><stav>S</stav><userName>kozape03</userName><stprIdno>514</stprIdno><nazevSp>Informatika</nazevSp><fakultaSp>PRF</fakultaSp><kodSp>B1801</kodSp><formaSp>P</formaSp><typSp>B</typSp><typSpKey>7</typSpKey><mistoVyuky>O</mistoVyuky><rocnik>2</rocnik><financovani>1</financovani><oborKomb>APLINF</oborKomb><oborIdnos>1037</oborIdnos><email>kozape03@prfnw.upol.cz</email><cisloKarty>4A289494</cisloKarty><pohlavi>M</pohlavi><evidovanBankovniUcet>A</evidovanBankovniUcet><statutPredmetu>B</statutPredmetu></studentPredmetu><studentPredmetu><osCislo>R18573</osCislo><jmeno>Jakub</jmeno><prijmeni>KRBEC</prijmeni><stav>S</stav><userName>krbeja01</userName><stprIdno>514</stprIdno><nazevSp>Informatika</nazevSp><fakultaSp>PRF</fakultaSp><kodSp>B1801</kodSp><formaSp>P</formaSp><typSp>B</typSp><typSpKey>7</typSpKey><mistoVyuky>O</mistoVyuky><rocnik>2</rocnik><financovani>1</financovani><oborKomb>APLINF</oborKomb><oborIdnos>1037</oborIdnos><email>krbeja01@prfnw.upol.cz</email><cisloKarty>CCB5BBA6</cisloKarty><pohlavi>M</pohlavi><evidovanBankovniUcet>A</evidovanBankovniUcet><statutPredmetu>B</statutPredmetu></studentPredmetu><studentPredmetu><osCislo>R18576</osCislo><jmeno>Martin</jmeno><prijmeni>KUREK</prijmeni><stav>S</stav><userName>kurema01</userName><stprIdno>514</stprIdno><nazevSp>Informatika</nazevSp><fakultaSp>PRF</fakultaSp><kodSp>B1801</kodSp><formaSp>P</formaSp><typSp>B</typSp><typSpKey>7</typSpKey><mistoVyuky>O</mistoVyuky><rocnik>2</rocnik><financovani>1</financovani><oborKomb>APLINF</oborKomb><oborIdnos>1037</oborIdnos><email>kurema01@prfnw.upol.cz</email><cisloKarty>CCB5BA36</cisloKarty><pohlavi>M</pohlavi><evidovanBankovniUcet>A</evidovanBankovniUcet><statutPredmetu>B</statutPredmetu></studentPredmetu><studentPredmetu><osCislo>R18577</osCislo><jmeno>David</jmeno><prijmeni>KVĚTOŇ</prijmeni><stav>S</stav><userName>kvetda00</userName><stprIdno>514</stprIdno><nazevSp>Informatika</nazevSp><fakultaSp>PRF</fakultaSp><kodSp>B1801</kodSp><formaSp>P</formaSp><typSp>B</typSp><typSpKey>7</typSpKey><mistoVyuky>O</mistoVyuky><rocnik>2</rocnik><financovani>1</financovani><oborKomb>APLINF</oborKomb><oborIdnos>1037</oborIdnos><email>kvetda00@prfnw.upol.cz</email><cisloKarty>CCA98206</cisloKarty><pohlavi>M</pohlavi><evidovanBankovniUcet>A</evidovanBankovniUcet><statutPredmetu>B</statutPredmetu></studentPredmetu><studentPredmetu><osCislo>R18578</osCislo><jmeno>Matěj</jmeno><prijmeni>LÁNÍK</prijmeni><stav>S</stav><userName>lanima00</userName><stprIdno>514</stprIdno><nazevSp>Informatika</nazevSp><fakultaSp>PRF</fakultaSp><kodSp>B1801</kodSp><formaSp>P</formaSp><typSp>B</typSp><typSpKey>7</typSpKey><mistoVyuky>O</mistoVyuky><rocnik>2</rocnik><financovani>1</financovani><oborKomb>APLINF</oborKomb><oborIdnos>1037</oborIdnos><email>lanima00@prfnw.upol.cz</email><cisloKarty>CCB05496</cisloKarty><pohlavi>M</pohlavi><evidovanBankovniUcet>N</evidovanBankovniUcet><statutPredmetu>B</statutPredmetu></studentPredmetu><studentPredmetu><osCislo>R17729</osCislo><jmeno>Lucia</jmeno><prijmeni>MAHÚTOVÁ</prijmeni><stav>S</stav><userName>mahulu01</userName><stprIdno>514</stprIdno><nazevSp>Informatika</nazevSp><fakultaSp>PRF</fakultaSp><kodSp>B1801</kodSp><formaSp>P</formaSp><typSp>B</typSp><typSpKey>7</typSpKey><mistoVyuky>O</mistoVyuky><rocnik>3</rocnik><financovani>1</financovani><oborKomb>APLINF</oborKomb><oborIdnos>1037</oborIdnos><email>mahulu01@prfnw.upol.cz</email><cisloKarty>4A295FC4</cisloKarty><pohlavi>Ž</pohlavi><evidovanBankovniUcet>A</evidovanBankovniUcet><statutPredmetu>B</statutPredmetu></studentPredmetu><studentPredmetu><osCislo>R18585</osCislo><jmeno>Vladimír</jmeno><prijmeni>OPLUŠTIL</prijmeni><stav>S</stav><userName>opluvl00</userName><stprIdno>514</stprIdno><nazevSp>Informatika</nazevSp><fakultaSp>PRF</fakultaSp><kodSp>B1801</kodSp><formaSp>P</formaSp><typSp>B</typSp><typSpKey>7</typSpKey><mistoVyuky>O</mistoVyuky><rocnik>2</rocnik><financovani>1</financovani><oborKomb>APLINF</oborKomb><oborIdnos>1037</oborIdnos><email>opluvl00@prfnw.upol.cz</email><cisloKarty>CCB4F106</cisloKarty><pohlavi>M</pohlavi><evidovanBankovniUcet>N</evidovanBankovniUcet><statutPredmetu>B</statutPredmetu></studentPredmetu><studentPredmetu><osCislo>R17739</osCislo><jmeno>Kateřina</jmeno><prijmeni>PAVLOVSKÁ</prijmeni><stav>S</stav><userName>pavlka09</userName><stprIdno>514</stprIdno><nazevSp>Informatika</nazevSp><fakultaSp>PRF</fakultaSp><kodSp>B1801</kodSp><formaSp>P</formaSp><typSp>B</typSp><typSpKey>7</typSpKey><mistoVyuky>O</mistoVyuky><rocnik>3</rocnik><financovani>1</financovani><oborKomb>APLINF</oborKomb><oborIdnos>1037</oborIdnos><email>pavlka09@prfnw.upol.cz</email><cisloKarty>FA261AF4</cisloKarty><pohlavi>Ž</pohlavi><evidovanBankovniUcet>A</evidovanBankovniUcet><statutPredmetu>B</statutPredmetu></studentPredmetu><studentPredmetu><osCislo>R18139</osCislo><jmeno>Kristína</jmeno><prijmeni>POLÁKOVÁ</prijmeni><stav>S</stav><userName>polakr04</userName><stprIdno>514</stprIdno><nazevSp>Informatika</nazevSp><fakultaSp>PRF</fakultaSp><kodSp>B1801</kodSp><formaSp>P</formaSp><typSp>B</typSp><typSpKey>7</typSpKey><mistoVyuky>O</mistoVyuky><rocnik>2</rocnik><financovani>1</financovani><oborKomb>INF</oborKomb><oborIdnos>45</oborIdnos><email>polakr04@prfnw.upol.cz</email><cisloKarty>CCB5A936</cisloKarty><pohlavi>Ž</pohlavi><evidovanBankovniUcet>A</evidovanBankovniUcet><statutPredmetu>B</statutPredmetu></studentPredmetu><studentPredmetu><osCislo>R18588</osCislo><jmeno>Martin</jmeno><prijmeni>POPELKA</prijmeni><stav>S</stav><userName>popema06</userName><stprIdno>514</stprIdno><nazevSp>Informatika</nazevSp><fakultaSp>PRF</fakultaSp><kodSp>B1801</kodSp><formaSp>P</formaSp><typSp>B</typSp><typSpKey>7</typSpKey><mistoVyuky>O</mistoVyuky><rocnik>2</rocnik><financovani>1</financovani><oborKomb>APLINF</oborKomb><oborIdnos>1037</oborIdnos><email>popema06@prfnw.upol.cz</email><cisloKarty>CCAFB1D6</cisloKarty><pohlavi>M</pohlavi><evidovanBankovniUcet>A</evidovanBankovniUcet><statutPredmetu>B</statutPredmetu></studentPredmetu><studentPredmetu><osCislo>R18592</osCislo><jmeno>Martin</jmeno><prijmeni>PŮDA</prijmeni><stav>S</stav><userName>pudama00</userName><stprIdno>514</stprIdno><nazevSp>Informatika</nazevSp><fakultaSp>PRF</fakultaSp><kodSp>B1801</kodSp><formaSp>P</formaSp><typSp>B</typSp><typSpKey>7</typSpKey><mistoVyuky>O</mistoVyuky><rocnik>2</rocnik><financovani>1</financovani><oborKomb>APLINF</oborKomb><oborIdnos>1037</oborIdnos><email>pudama00@prfnw.upol.cz</email><cisloKarty>CCB0C2C6</cisloKarty><pohlavi>M</pohlavi><evidovanBankovniUcet>N</evidovanBankovniUcet><statutPredmetu>B</statutPredmetu></studentPredmetu><studentPredmetu><osCislo>R18593</osCislo><jmeno>Daniel</jmeno><prijmeni>RÁBEL</prijmeni><stav>S</stav><userName>rabeda01</userName><stprIdno>514</stprIdno><nazevSp>Informatika</nazevSp><fakultaSp>PRF</fakultaSp><kodSp>B1801</kodSp><formaSp>P</formaSp><typSp>B</typSp><typSpKey>7</typSpKey><mistoVyuky>O</mistoVyuky><rocnik>2</rocnik><financovani>1</financovani><oborKomb>APLINF</oborKomb><oborIdnos>1037</oborIdnos><email>rabeda01@prfnw.upol.cz</email><cisloKarty>CCA952B6</cisloKarty><pohlavi>M</pohlavi><evidovanBankovniUcet>A</evidovanBankovniUcet><statutPredmetu>B</statutPredmetu></studentPredmetu><studentPredmetu><osCislo>R18140</osCislo><jmeno>Jakub</jmeno><prijmeni>REŽŇÁK</prijmeni><stav>S</stav><userName>reznja03</userName><stprIdno>514</stprIdno><nazevSp>Informatika</nazevSp><fakultaSp>PRF</fakultaSp><kodSp>B1801</kodSp><formaSp>P</formaSp><typSp>B</typSp><typSpKey>7</typSpKey><mistoVyuky>O</mistoVyuky><rocnik>2</rocnik><financovani>1</financovani><oborKomb>INF</oborKomb><oborIdnos>45</oborIdnos><email>reznja03@prfnw.upol.cz</email><cisloKarty>CCB47786</cisloKarty><pohlavi>M</pohlavi><evidovanBankovniUcet>N</evidovanBankovniUcet><statutPredmetu>B</statutPredmetu></studentPredmetu><studentPredmetu><osCislo>R18596</osCislo><jmeno>Radim</jmeno><prijmeni>SKOUPIL</prijmeni><stav>S</stav><userName>skoura00</userName><stprIdno>514</stprIdno><nazevSp>Informatika</nazevSp><fakultaSp>PRF</fakultaSp><kodSp>B1801</kodSp><formaSp>P</formaSp><typSp>B</typSp><typSpKey>7</typSpKey><mistoVyuky>O</mistoVyuky><rocnik>2</rocnik><financovani>1</financovani><oborKomb>APLINF</oborKomb><oborIdnos>1037</oborIdnos><email>skoura00@prfnw.upol.cz</email><cisloKarty>CCB33356</cisloKarty><pohlavi>M</pohlavi><evidovanBankovniUcet>A</evidovanBankovniUcet><statutPredmetu>B</statutPredmetu></studentPredmetu><studentPredmetu><osCislo>R18597</osCislo><jmeno>Jakub</jmeno><prijmeni>SMÝKAL</prijmeni><stav>S</stav><userName>smykja00</userName><stprIdno>514</stprIdno><nazevSp>Informatika</nazevSp><fakultaSp>PRF</fakultaSp><kodSp>B1801</kodSp><formaSp>P</formaSp><typSp>B</typSp><typSpKey>7</typSpKey><mistoVyuky>O</mistoVyuky><rocnik>2</rocnik><financovani>1</financovani><oborKomb>APLINF</oborKomb><oborIdnos>1037</oborIdnos><email>smykja00@prfnw.upol.cz</email><cisloKarty>CCB5A586</cisloKarty><pohlavi>M</pohlavi><evidovanBankovniUcet>A</evidovanBankovniUcet><statutPredmetu>B</statutPredmetu></studentPredmetu><studentPredmetu><osCislo>R18599</osCislo><jmeno>Radim</jmeno><prijmeni>SOBĚHART</prijmeni><stav>S</stav><userName>sobera00</userName><stprIdno>514</stprIdno><nazevSp>Informatika</nazevSp><fakultaSp>PRF</fakultaSp><kodSp>B1801</kodSp><formaSp>P</formaSp><typSp>B</typSp><typSpKey>7</typSpKey><mistoVyuky>O</mistoVyuky><rocnik>2</rocnik><financovani>1</financovani><oborKomb>APLINF</oborKomb><oborIdnos>1037</oborIdnos><email>sobera00@prfnw.upol.cz</email><cisloKarty>15DD39A7</cisloKarty><pohlavi>M</pohlavi><evidovanBankovniUcet>A</evidovanBankovniUcet><statutPredmetu>B</statutPredmetu></studentPredmetu><studentPredmetu><osCislo>R18601</osCislo><jmeno>Daniel</jmeno><prijmeni>STONAWSKI</prijmeni><stav>S</stav><userName>stonda00</userName><stprIdno>514</stprIdno><nazevSp>Informatika</nazevSp><fakultaSp>PRF</fakultaSp><kodSp>B1801</kodSp><formaSp>P</formaSp><typSp>B</typSp><typSpKey>7</typSpKey><mistoVyuky>O</mistoVyuky><rocnik>2</rocnik><financovani>1</financovani><oborKomb>APLINF</oborKomb><oborIdnos>1037</oborIdnos><email>stonda00@prfnw.upol.cz</email><cisloKarty>0C6B1577</cisloKarty><pohlavi>M</pohlavi><evidovanBankovniUcet>A</evidovanBankovniUcet><statutPredmetu>B</statutPredmetu></studentPredmetu><studentPredmetu><osCislo>R18602</osCislo><jmeno>Petr</jmeno><prijmeni>SUCHÁNEK</prijmeni><stav>S</stav><userName>suchpe02</userName><stprIdno>514</stprIdno><nazevSp>Informatika</nazevSp><fakultaSp>PRF</fakultaSp><kodSp>B1801</kodSp><formaSp>P</formaSp><typSp>B</typSp><typSpKey>7</typSpKey><mistoVyuky>O</mistoVyuky><rocnik>2</rocnik><financovani>1</financovani><oborKomb>APLINF</oborKomb><oborIdnos>1037</oborIdnos><email>suchpe02@prfnw.upol.cz</email><cisloKarty>F6DEBA15</cisloKarty><pohlavi>M</pohlavi><evidovanBankovniUcet>A</evidovanBankovniUcet><statutPredmetu>B</statutPredmetu></studentPredmetu><studentPredmetu><osCislo>R18606</osCislo><jmeno>Miroslav</jmeno><prijmeni>ŠTEFKA</prijmeni><stav>S</stav><userName>stefmi07</userName><stprIdno>514</stprIdno><nazevSp>Informatika</nazevSp><fakultaSp>PRF</fakultaSp><kodSp>B1801</kodSp><formaSp>P</formaSp><typSp>B</typSp><typSpKey>7</typSpKey><mistoVyuky>O</mistoVyuky><rocnik>2</rocnik><financovani>1</financovani><oborKomb>APLINF</oborKomb><oborIdnos>1037</oborIdnos><email>stefmi07@prfnw.upol.cz</email><cisloKarty>15DCF197</cisloKarty><pohlavi>M</pohlavi><evidovanBankovniUcet>A</evidovanBankovniUcet><statutPredmetu>B</statutPredmetu></studentPredmetu><studentPredmetu><osCislo>R18608</osCislo><jmeno>Marek</jmeno><prijmeni>TREFIL</prijmeni><stav>S</stav><userName>trefma01</userName><stprIdno>514</stprIdno><nazevSp>Informatika</nazevSp><fakultaSp>PRF</fakultaSp><kodSp>B1801</kodSp><formaSp>P</formaSp><typSp>B</typSp><typSpKey>7</typSpKey><mistoVyuky>O</mistoVyuky><rocnik>2</rocnik><financovani>1</financovani><oborKomb>APLINF</oborKomb><oborIdnos>1037</oborIdnos><email>trefma01@prfnw.upol.cz</email><cisloKarty>CCB20BC6</cisloKarty><pohlavi>M</pohlavi><evidovanBankovniUcet>N</evidovanBankovniUcet><statutPredmetu>B</statutPredmetu></studentPredmetu><studentPredmetu><osCislo>R18611</osCislo><jmeno>Jaroslav</jmeno><prijmeni>VEČEŘA</prijmeni><stav>S</stav><userName>veceja06</userName><stprIdno>514</stprIdno><nazevSp>Informatika</nazevSp><fakultaSp>PRF</fakultaSp><kodSp>B1801</kodSp><formaSp>P</formaSp><typSp>B</typSp><typSpKey>7</typSpKey><mistoVyuky>O</mistoVyuky><rocnik>2</rocnik><financovani>1</financovani><oborKomb>APLINF</oborKomb><oborIdnos>1037</oborIdnos><email>veceja06@prfnw.upol.cz</email><cisloKarty>15D6FF77</cisloKarty><pohlavi>M</pohlavi><evidovanBankovniUcet>A</evidovanBankovniUcet><statutPredmetu>B</statutPredmetu></studentPredmetu></studentiPredmetu>
