[{"ucitIdno":40596,"jmeno":"Jiří","prijmeni":"Balun","titulPred":"Mgr.","titulZa":null,"platnost":"A","zamestnanec":"A","katedra":"KMI","pracovisteDalsi":null,"email":"jiri.balun01@upol.cz","telefon":null,"telefon2":null,"url":null},{"ucitIdno":7164,"jmeno":"Eduard","prijmeni":"Bartl","titulPred":"RNDr.","titulZa":"Ph.D.","platnost":"A","zamestnanec":"A","katedra":"KMI","pracovisteDalsi":null,"email":"eduard.bartl@upol.cz","telefon":"58563 4710","telefon2":null,"url":null},{"ucitIdno":997,"jmeno":"Radim","prijmeni":"Bělohlávek","titulPred":"prof. RNDr.","titulZa":"Ph.D., DSc.","platnost":"A","zamestnanec":"A","katedra":"KMI","pracovisteDalsi":null,"email":"radim.belohlavek@upol.cz","telefon":null,"telefon2":null,"url":null},{"ucitIdno":17525,"jmeno":"Petr","prijmeni":"Cintula","titulPred":"doc. Ing.","titulZa":"Ph.D.","platnost":"A","zamestnanec":"N","katedra":"KMI","pracovisteDalsi":null,"email":null,"telefon":null,"telefon2":null,"url":null},{"ucitIdno":36832,"jmeno":"Zdeněk","prijmeni":"Eichler","titulPred":"RNDr.","titulZa":null,"platnost":"A","zamestnanec":"N","katedra":"KMI","pracovisteDalsi":null,"email":null,"telefon":null,"telefon2":null,"url":null},{"ucitIdno":36834,"jmeno":"Petr","prijmeni":"Freiberg","titulPred":"Mgr.","titulZa":null,"platnost":"A","zamestnanec":"A","katedra":"KMI","pracovisteDalsi":null,"email":null,"telefon":null,"telefon2":null,"url":null},{"ucitIdno":18832,"jmeno":"Ivo","prijmeni":"Fridrich","titulPred":null,"titulZa":null,"platnost":"A","zamestnanec":"A","katedra":"KMI","pracovisteDalsi":null,"email":"ivo.fridrich@upol.cz","telefon":null,"telefon2":null,"url":null},{"ucitIdno":12650,"jmeno":"Miroslav","prijmeni":"Hruška","titulPred":"Ing.","titulZa":null,"platnost":"A","zamestnanec":"A","katedra":"KMI","pracovisteDalsi":null,"email":"miroslav.hruska01@upol.cz","telefon":null,"telefon2":null,"url":null},{"ucitIdno":18874,"jmeno":"Petr","prijmeni":"Jančar","titulPred":"prof. RNDr.","titulZa":"CSc.","platnost":"A","zamestnanec":"A","katedra":"KMI","pracovisteDalsi":null,"email":"petr.jancar@upol.cz","telefon":null,"telefon2":null,"url":null},{"ucitIdno":18813,"jmeno":"Radek","prijmeni":"Janoštík","titulPred":"Mgr.","titulZa":null,"platnost":"A","zamestnanec":"A","katedra":"KMI","pracovisteDalsi":null,"email":"radek.janostik@upol.cz","telefon":null,"telefon2":null,"url":null},{"ucitIdno":36833,"jmeno":"Ján","prijmeni":"Juráň","titulPred":"Mgr.","titulZa":null,"platnost":"A","zamestnanec":"A","katedra":"KMI","pracovisteDalsi":null,"email":null,"telefon":null,"telefon2":null,"url":null},{"ucitIdno":5241,"jmeno":"Ondřej","prijmeni":"Kašpar","titulPred":"Mgr.","titulZa":null,"platnost":"A","zamestnanec":"N","katedra":"KMI","pracovisteDalsi":null,"email":"ondrej.kaspar@upol.cz","telefon":null,"telefon2":null,"url":null},{"ucitIdno":15845,"jmeno":"Martin","prijmeni":"Kauer","titulPred":"Mgr.","titulZa":null,"platnost":"A","zamestnanec":"A","katedra":"KMI","pracovisteDalsi":null,"email":"martin.kauer@upol.cz","telefon":null,"telefon2":null,"url":null},{"ucitIdno":2969,"jmeno":"Aleš","prijmeni":"Keprt","titulPred":"Mgr.","titulZa":"Ph.D.","platnost":"A","zamestnanec":"A","katedra":"KMI","pracovisteDalsi":null,"email":"keprt@inf.upol.cz","telefon":null,"telefon2":null,"url":null},{"ucitIdno":40658,"jmeno":"David","prijmeni":"Kočíř","titulPred":"Mgr.","titulZa":null,"platnost":"A","zamestnanec":"A","katedra":"KMI","pracovisteDalsi":null,"email":"david.kocir01@upol.cz","telefon":null,"telefon2":null,"url":null},{"ucitIdno":2399,"jmeno":"Miroslav","prijmeni":"Kolařík","titulPred":"doc. RNDr.","titulZa":"Ph.D.","platnost":"A","zamestnanec":"A","katedra":"KMI","pracovisteDalsi":null,"email":"miroslav.kolarik@upol.cz","telefon":null,"telefon2":null,"url":null},{"ucitIdno":16008,"jmeno":"Alena","prijmeni":"Kolovrátniková","titulPred":null,"titulZa":null,"platnost":"A","zamestnanec":"A","katedra":"KMI","pracovisteDalsi":null,"email":"alena.kolovratnikova@upol.cz","telefon":null,"telefon2":null,"url":null},{"ucitIdno":3361,"jmeno":"Jan","prijmeni":"Konečný","titulPred":"doc. RNDr.","titulZa":"Ph.D.","platnost":"A","zamestnanec":"A","katedra":"KMI","pracovisteDalsi":null,"email":"jan.konecny@upol.cz","telefon":null,"telefon2":null,"url":null},{"ucitIdno":42364,"jmeno":"Martin","prijmeni":"Kotyza","titulPred":"Mgr.","titulZa":null,"platnost":"A","zamestnanec":"A","katedra":"KMI","pracovisteDalsi":null,"email":null,"telefon":null,"telefon2":null,"url":null},{"ucitIdno":4263,"jmeno":"Petr","prijmeni":"Krajča","titulPred":"Mgr.","titulZa":"Ph.D.","platnost":"A","zamestnanec":"A","katedra":"KMI","pracovisteDalsi":null,"email":"petr.krajca@upol.cz","telefon":null,"telefon2":null,"url":null},{"ucitIdno":36828,"jmeno":"Daniel","prijmeni":"Krhánek","titulPred":"Mgr.","titulZa":"Ph.D.","platnost":"A","zamestnanec":"A","katedra":"KMI","pracovisteDalsi":null,"email":null,"telefon":null,"telefon2":null,"url":null},{"ucitIdno":2154,"jmeno":"Michal","prijmeni":"Krupka","titulPred":"doc. RNDr.","titulZa":"Ph.D.","platnost":"A","zamestnanec":"A","katedra":"KMI","pracovisteDalsi":null,"email":"michal.krupka@upol.cz","telefon":null,"telefon2":null,"url":null},{"ucitIdno":4248,"jmeno":"Tomáš","prijmeni":"Kühr","titulPred":"Mgr.","titulZa":"Ph.D.","platnost":"A","zamestnanec":"A","katedra":"KMI","pracovisteDalsi":null,"email":"tomas.kuhr@upol.cz","telefon":null,"telefon2":null,"url":null},{"ucitIdno":10792,"jmeno":"Jan","prijmeni":"Laštovička","titulPred":"Mgr.","titulZa":null,"platnost":"A","zamestnanec":"A","katedra":"KMI","pracovisteDalsi":null,"email":"jan.lastovicka01@upol.cz","telefon":null,"telefon2":null,"url":null},{"ucitIdno":36835,"jmeno":"Pavel","prijmeni":"Laštovka","titulPred":"Mgr.","titulZa":null,"platnost":"A","zamestnanec":"A","katedra":"KMI","pracovisteDalsi":null,"email":null,"telefon":null,"telefon2":null,"url":null},{"ucitIdno":5039,"jmeno":"Juraj","prijmeni":"Macko","titulPred":"PhDr.","titulZa":null,"platnost":"A","zamestnanec":"N","katedra":"KMI","pracovisteDalsi":null,"email":"juraj.macko@upol.cz","telefon":null,"telefon2":null,"url":null},{"ucitIdno":23255,"jmeno":"Tomáš","prijmeni":"Masopust","titulPred":"RNDr.","titulZa":"Ph.D.","platnost":"A","zamestnanec":"A","katedra":"KMI","pracovisteDalsi":null,"email":"tomas.masopust@upol.cz","telefon":null,"telefon2":null,"url":null},{"ucitIdno":22797,"jmeno":"Tomáš","prijmeni":"Mikula","titulPred":"Mgr.","titulZa":null,"platnost":"A","zamestnanec":"A","katedra":"KMI","pracovisteDalsi":null,"email":"tomas.mikula01@upol.cz","telefon":null,"telefon2":null,"url":null},{"ucitIdno":3467,"jmeno":"Lenka","prijmeni":"Motyčková","titulPred":"doc. Ing.","titulZa":"CSc.","platnost":"A","zamestnanec":"A","katedra":"KMI","pracovisteDalsi":null,"email":"carr-mol@prfnw.upol.cz","telefon":null,"telefon2":null,"url":null},{"ucitIdno":20337,"jmeno":"Jan","prijmeni":"Mynařík","titulPred":"Mgr.","titulZa":null,"platnost":"A","zamestnanec":"N","katedra":"KMI","pracovisteDalsi":null,"email":"jan.mynarik01@upol.cz","telefon":null,"telefon2":null,"url":null},{"ucitIdno":18655,"jmeno":"Lukáš","prijmeni":"Novák","titulPred":"Mgr.","titulZa":null,"platnost":"A","zamestnanec":"A","katedra":"KMI","pracovisteDalsi":null,"email":"lukas.novak02@upol.cz","telefon":null,"telefon2":null,"url":null},{"ucitIdno":2254,"jmeno":"Stanislav","prijmeni":"Opichal","titulPred":"RNDr.","titulZa":null,"platnost":"A","zamestnanec":"N","katedra":"KMI","pracovisteDalsi":null,"email":"opichals@prfnw.upol.cz","telefon":null,"telefon2":null,"url":null},{"ucitIdno":4249,"jmeno":"Petr","prijmeni":"Osička","titulPred":"Mgr.","titulZa":"Ph.D.","platnost":"A","zamestnanec":"A","katedra":"KMI","pracovisteDalsi":null,"email":"petr.osicka@upol.cz","telefon":null,"telefon2":null,"url":null},{"ucitIdno":1902,"jmeno":"Jan","prijmeni":"Outrata","titulPred":"doc. Mgr.","titulZa":"Ph.D.","platnost":"A","zamestnanec":"A","katedra":"KMI","pracovisteDalsi":null,"email":"jan.outrata@upol.cz","telefon":"58563 4704","telefon2":null,"url":null},{"ucitIdno":14284,"jmeno":"Pavel","prijmeni":"Procházka","titulPred":"Mgr.","titulZa":null,"platnost":"A","zamestnanec":"A","katedra":"KMI","pracovisteDalsi":null,"email":"pavel.prochazka02@upol.cz","telefon":null,"telefon2":null,"url":null},{"ucitIdno":36831,"jmeno":"Petr","prijmeni":"Přikryl","titulPred":"Bc.","titulZa":null,"platnost":"A","zamestnanec":"A","katedra":"KMI","pracovisteDalsi":null,"email":null,"telefon":null,"telefon2":null,"url":null},{"ucitIdno":27892,"jmeno":"Radomír","prijmeni":"Škrabal","titulPred":"Mgr.","titulZa":null,"platnost":"A","zamestnanec":"A","katedra":"KMI","pracovisteDalsi":null,"email":"radomir.skrabal01@upol.cz","telefon":null,"telefon2":null,"url":null},{"ucitIdno":10784,"jmeno":"Martin","prijmeni":"Trnečka","titulPred":"Mgr.","titulZa":"Ph.D.","platnost":"A","zamestnanec":"A","katedra":"KMI","pracovisteDalsi":null,"email":"martin.trnecka@upol.cz","telefon":null,"telefon2":null,"url":null},{"ucitIdno":10785,"jmeno":"Markéta","prijmeni":"Trnečková","titulPred":"Mgr.","titulZa":"PhD.","platnost":"A","zamestnanec":"A","katedra":"KMI","pracovisteDalsi":"LBF","email":"marketa.trneckova@upol.cz","telefon":null,"telefon2":null,"url":null},{"ucitIdno":15865,"jmeno":"Jan","prijmeni":"Tříska","titulPred":"Mgr.","titulZa":"Ph.D.","platnost":"A","zamestnanec":"A","katedra":"KMI","pracovisteDalsi":null,"email":"jan.triska@upol.cz","telefon":null,"telefon2":null,"url":null},{"ucitIdno":18831,"jmeno":"Tomáš","prijmeni":"Urbanec","titulPred":"Mgr.","titulZa":null,"platnost":"A","zamestnanec":"A","katedra":"KMI","pracovisteDalsi":null,"email":"tomas.urbanec01@upol.cz","telefon":null,"telefon2":null,"url":null},{"ucitIdno":15846,"jmeno":"Ondřej","prijmeni":"Vaverka","titulPred":"Mgr.","titulZa":null,"platnost":"A","zamestnanec":"A","katedra":"KMI","pracovisteDalsi":null,"email":"ondrej.vaverka@upol.cz","telefon":null,"telefon2":null,"url":null},{"ucitIdno":423,"jmeno":"Arnošt","prijmeni":"Večerka","titulPred":"RNDr.","titulZa":null,"platnost":"A","zamestnanec":"A","katedra":"KMI","pracovisteDalsi":null,"email":"arnost.vecerka@upol.cz","telefon":null,"telefon2":null,"url":null},{"ucitIdno":1137,"jmeno":"Vilém","prijmeni":"Vychodil","titulPred":"doc. RNDr.","titulZa":"Ph.D.","platnost":"A","zamestnanec":"A","katedra":"KMI","pracovisteDalsi":null,"email":"vychodiv@upcase.inf.upol.cz","telefon":null,"telefon2":null,"url":null},{"ucitIdno":19491,"jmeno":"Roman","prijmeni":"Vyjídáček","titulPred":"Mgr.","titulZa":null,"platnost":"A","zamestnanec":"A","katedra":"KMI","pracovisteDalsi":null,"email":"vyjiro00@prfnw.upol.cz","telefon":null,"telefon2":null,"url":null},{"ucitIdno":973,"jmeno":"Jiří","prijmeni":"Zacpal","titulPred":"Mgr.","titulZa":"Ph.D.","platnost":"A","zamestnanec":"A","katedra":"KMI","pracovisteDalsi":null,"email":"jiri.zacpal@upol.cz","telefon":null,"telefon2":"5228648","url":null},{"ucitIdno":18690,"jmeno":"Lukáš","prijmeni":"Zapletal","titulPred":"Mgr.","titulZa":null,"platnost":"A","zamestnanec":"A","katedra":"KMI","pracovisteDalsi":null,"email":"lukas.zapletal01@upol.cz","telefon":null,"telefon2":null,"url":null}]
