<?xml version="1.0" encoding="utf-8"?>
<predmetyKatedry xmlns:xsi="http://www.w3.org/2001/XMLSchema-instance" xmlns:xsd="http://www.w3.org/2001/XMLSchema">
  <predmetKatedry>
    <katedra>KMI</katedra>
    <zkratka>AKTI</zkratka>
    <rok>2019</rok>
    <nazev>Aktuální témata z informatiky</nazev>
    <semestr>ZS</semestr>
    <maVyuku>A</maVyuku>
    <vyukaZS>A</vyukaZS>
    <vyukaLS>N</vyukaLS>
    <jazyk1>CZ</jazyk1>
    <nabizetPrijezdyEcts>N</nabizetPrijezdyEcts>
    <pocetStudentu>0</pocetStudentu>
    <aSkut>0</aSkut>
    <bSkut>0</bSkut>
    <cSkut>0</cSkut>
  </predmetKatedry>
  <predmetKatedry>
    <katedra>KMI</katedra>
    <zkratka>ALGO</zkratka>
    <rok>2019</rok>
    <nazev>Algoritmizace</nazev>
    <semestr>ZS</semestr>
    <maVyuku>A</maVyuku>
    <vyukaZS>A</vyukaZS>
    <vyukaLS>N</vyukaLS>
    <jazyk1>CZ</jazyk1>
    <nabizetPrijezdyEcts>N</nabizetPrijezdyEcts>
    <pocetStudentu>0</pocetStudentu>
    <aSkut>0</aSkut>
    <bSkut>0</bSkut>
    <cSkut>0</cSkut>
  </predmetKatedry>
  <predmetKatedry>
    <katedra>KMI</katedra>
    <zkratka>ALGO1</zkratka>
    <rok>2019</rok>
    <nazev>Algoritmy 1</nazev>
    <semestr>ZS</semestr>
    <maVyuku>A</maVyuku>
    <vyukaZS>A</vyukaZS>
    <vyukaLS>N</vyukaLS>
    <jazyk1>CZ</jazyk1>
    <nabizetPrijezdyEcts>N</nabizetPrijezdyEcts>
    <pocetStudentu>0</pocetStudentu>
    <cMax>15</cMax>
    <aSkut>0</aSkut>
    <bSkut>0</bSkut>
    <cSkut>0</cSkut>
  </predmetKatedry>
  <predmetKatedry>
    <katedra>KMI</katedra>
    <zkratka>ALGO3</zkratka>
    <rok>2019</rok>
    <nazev>Algoritmy 3</nazev>
    <semestr>ZS</semestr>
    <maVyuku>A</maVyuku>
    <vyukaZS>A</vyukaZS>
    <vyukaLS>N</vyukaLS>
    <jazyk1>CZ</jazyk1>
    <nabizetPrijezdyEcts>N</nabizetPrijezdyEcts>
    <pocetStudentu>0</pocetStudentu>
    <aMax>9</aMax>
    <bMax>34</bMax>
    <cMax>0</cMax>
    <aSkut>0</aSkut>
    <bSkut>0</bSkut>
    <cSkut>0</cSkut>
  </predmetKatedry>
  <predmetKatedry>
    <katedra>KMI</katedra>
    <zkratka>ALG2</zkratka>
    <rok>2019</rok>
    <nazev>Algebra 2</nazev>
    <semestr>ZS</semestr>
    <maVyuku>A</maVyuku>
    <vyukaZS>A</vyukaZS>
    <vyukaLS>N</vyukaLS>
    <jazyk1>CZ</jazyk1>
    <nabizetPrijezdyEcts>N</nabizetPrijezdyEcts>
    <pocetStudentu>9</pocetStudentu>
    <cMax>10</cMax>
    <aSkut>9</aSkut>
    <bSkut>0</bSkut>
    <cSkut>0</cSkut>
  </predmetKatedry>
  <predmetKatedry>
    <katedra>KMI</katedra>
    <zkratka>ALM1</zkratka>
    <rok>2019</rok>
    <nazev>Algoritmy 1</nazev>
    <semestr>ZS</semestr>
    <maVyuku>A</maVyuku>
    <vyukaZS>A</vyukaZS>
    <vyukaLS>N</vyukaLS>
    <jazyk1>CZ</jazyk1>
    <nabizetPrijezdyEcts>N</nabizetPrijezdyEcts>
    <pocetStudentu>136</pocetStudentu>
    <cMax>15</cMax>
    <aSkut>133</aSkut>
    <bSkut>3</bSkut>
    <cSkut>0</cSkut>
  </predmetKatedry>
  <predmetKatedry>
    <katedra>KMI</katedra>
    <zkratka>ALM3</zkratka>
    <rok>2019</rok>
    <nazev>Algoritmy 3</nazev>
    <semestr>ZS</semestr>
    <maVyuku>A</maVyuku>
    <vyukaZS>A</vyukaZS>
    <vyukaLS>N</vyukaLS>
    <jazyk1>CZ</jazyk1>
    <nabizetPrijezdyEcts>N</nabizetPrijezdyEcts>
    <pocetStudentu>40</pocetStudentu>
    <aMax>9</aMax>
    <bMax>40</bMax>
    <cMax>0</cMax>
    <aSkut>2</aSkut>
    <bSkut>38</bSkut>
    <cSkut>0</cSkut>
  </predmetKatedry>
  <predmetKatedry>
    <katedra>KMI</katedra>
    <zkratka>ALOB</zkratka>
    <rok>2019</rok>
    <nazev>Algoritmické obchodování</nazev>
    <semestr>ZS</semestr>
    <maVyuku>A</maVyuku>
    <vyukaZS>A</vyukaZS>
    <vyukaLS>N</vyukaLS>
    <jazyk1>CZ</jazyk1>
    <nabizetPrijezdyEcts>N</nabizetPrijezdyEcts>
    <pocetStudentu>7</pocetStudentu>
    <aSkut>0</aSkut>
    <bSkut>7</bSkut>
    <cSkut>0</cSkut>
  </predmetKatedry>
  <predmetKatedry>
    <katedra>KMI</katedra>
    <zkratka>ALS1</zkratka>
    <rok>2019</rok>
    <nazev>Algoritmy pro rozsáhlá data</nazev>
    <semestr>ZS</semestr>
    <maVyuku>A</maVyuku>
    <vyukaZS>A</vyukaZS>
    <vyukaLS>N</vyukaLS>
    <jazyk1>CZ</jazyk1>
    <nabizetPrijezdyEcts>N</nabizetPrijezdyEcts>
    <pocetStudentu>17</pocetStudentu>
    <cMax>10</cMax>
    <aSkut>9</aSkut>
    <bSkut>8</bSkut>
    <cSkut>0</cSkut>
  </predmetKatedry>
  <predmetKatedry>
    <katedra>KMI</katedra>
    <zkratka>ALS3</zkratka>
    <rok>2019</rok>
    <nazev>Algoritmy a složitost 3</nazev>
    <semestr>ZS</semestr>
    <maVyuku>A</maVyuku>
    <vyukaZS>A</vyukaZS>
    <vyukaLS>N</vyukaLS>
    <jazyk1>CZ</jazyk1>
    <jazyk2>AN</jazyk2>
    <nabizetPrijezdyEcts>A</nabizetPrijezdyEcts>
    <pocetStudentu>0</pocetStudentu>
    <cMax>5</cMax>
    <aSkut>0</aSkut>
    <bSkut>0</bSkut>
    <cSkut>0</cSkut>
  </predmetKatedry>
  <predmetKatedry>
    <katedra>KMI</katedra>
    <zkratka>AL1</zkratka>
    <rok>2019</rok>
    <nazev>Algebra 1</nazev>
    <semestr>ZS</semestr>
    <maVyuku>A</maVyuku>
    <vyukaZS>A</vyukaZS>
    <vyukaLS>N</vyukaLS>
    <jazyk1>CZ</jazyk1>
    <nabizetPrijezdyEcts>N</nabizetPrijezdyEcts>
    <pocetStudentu>0</pocetStudentu>
    <aSkut>0</aSkut>
    <bSkut>0</bSkut>
    <cSkut>0</cSkut>
  </predmetKatedry>
  <predmetKatedry>
    <katedra>KMI</katedra>
    <zkratka>AM3AI</zkratka>
    <rok>2019</rok>
    <nazev>Algoritmická matematika 3</nazev>
    <semestr>ZS</semestr>
    <maVyuku>A</maVyuku>
    <vyukaZS>A</vyukaZS>
    <vyukaLS>N</vyukaLS>
    <jazyk1>CZ</jazyk1>
    <nabizetPrijezdyEcts>N</nabizetPrijezdyEcts>
    <pocetStudentu>0</pocetStudentu>
    <cMax>0</cMax>
    <aSkut>0</aSkut>
    <bSkut>0</bSkut>
    <cSkut>0</cSkut>
  </predmetKatedry>
  <predmetKatedry>
    <katedra>KMI</katedra>
    <zkratka>BAK2</zkratka>
    <rok>2019</rok>
    <nazev>Bakalářská práce 2</nazev>
    <semestr>ZS</semestr>
    <maVyuku>A</maVyuku>
    <vyukaZS>A</vyukaZS>
    <vyukaLS>N</vyukaLS>
    <jazyk1>CZ</jazyk1>
    <nabizetPrijezdyEcts>N</nabizetPrijezdyEcts>
    <pocetStudentu>32</pocetStudentu>
    <cMax>0</cMax>
    <aSkut>32</aSkut>
    <bSkut>0</bSkut>
    <cSkut>0</cSkut>
  </predmetKatedry>
  <predmetKatedry>
    <katedra>KMI</katedra>
    <zkratka>BP2</zkratka>
    <rok>2019</rok>
    <nazev>Bakalářská práce 2</nazev>
    <semestr>ZS</semestr>
    <maVyuku>A</maVyuku>
    <vyukaZS>A</vyukaZS>
    <vyukaLS>N</vyukaLS>
    <jazyk1>CZ</jazyk1>
    <nabizetPrijezdyEcts>N</nabizetPrijezdyEcts>
    <pocetStudentu>0</pocetStudentu>
    <cMax>0</cMax>
    <aSkut>0</aSkut>
    <bSkut>0</bSkut>
    <cSkut>0</cSkut>
  </predmetKatedry>
  <predmetKatedry>
    <katedra>KMI</katedra>
    <zkratka>DASY</zkratka>
    <rok>2019</rok>
    <nazev>Databázové systémy</nazev>
    <semestr>ZS</semestr>
    <maVyuku>A</maVyuku>
    <vyukaZS>A</vyukaZS>
    <vyukaLS>A</vyukaLS>
    <jazyk1>CZ</jazyk1>
    <nabizetPrijezdyEcts>N</nabizetPrijezdyEcts>
    <pocetStudentu>0</pocetStudentu>
    <bMax>10</bMax>
    <cMax>0</cMax>
    <aSkut>0</aSkut>
    <bSkut>0</bSkut>
    <cSkut>0</cSkut>
  </predmetKatedry>
  <predmetKatedry>
    <katedra>KMI</katedra>
    <zkratka>DATAB</zkratka>
    <rok>2019</rok>
    <nazev>Databáze</nazev>
    <semestr>ZS</semestr>
    <maVyuku>A</maVyuku>
    <vyukaZS>A</vyukaZS>
    <vyukaLS>N</vyukaLS>
    <jazyk1>CZ</jazyk1>
    <nabizetPrijezdyEcts>N</nabizetPrijezdyEcts>
    <pocetStudentu>0</pocetStudentu>
    <aSkut>0</aSkut>
    <bSkut>0</bSkut>
    <cSkut>0</cSkut>
  </predmetKatedry>
  <predmetKatedry>
    <katedra>KMI</katedra>
    <zkratka>DATA1</zkratka>
    <rok>2019</rok>
    <nazev>Databázové systémy 1</nazev>
    <semestr>ZS</semestr>
    <maVyuku>A</maVyuku>
    <vyukaZS>A</vyukaZS>
    <vyukaLS>N</vyukaLS>
    <jazyk1>CZ</jazyk1>
    <nabizetPrijezdyEcts>N</nabizetPrijezdyEcts>
    <pocetStudentu>38</pocetStudentu>
    <bMax>10</bMax>
    <cMax>0</cMax>
    <aSkut>36</aSkut>
    <bSkut>2</bSkut>
    <cSkut>0</cSkut>
  </predmetKatedry>
  <predmetKatedry>
    <katedra>KMI</katedra>
    <zkratka>DATE</zkratka>
    <rok>2019</rok>
    <nazev>Databázové technologie</nazev>
    <semestr>ZS</semestr>
    <maVyuku>A</maVyuku>
    <vyukaZS>A</vyukaZS>
    <vyukaLS>N</vyukaLS>
    <jazyk1>CZ</jazyk1>
    <nabizetPrijezdyEcts>N</nabizetPrijezdyEcts>
    <pocetStudentu>0</pocetStudentu>
    <aSkut>0</aSkut>
    <bSkut>0</bSkut>
    <cSkut>0</cSkut>
  </predmetKatedry>
  <predmetKatedry>
    <katedra>KMI</katedra>
    <zkratka>DBT</zkratka>
    <rok>2019</rok>
    <nazev>Relační databáze</nazev>
    <semestr>ZS</semestr>
    <maVyuku>A</maVyuku>
    <vyukaZS>A</vyukaZS>
    <vyukaLS>N</vyukaLS>
    <jazyk1>CZ</jazyk1>
    <nabizetPrijezdyEcts>N</nabizetPrijezdyEcts>
    <pocetStudentu>1</pocetStudentu>
    <aSkut>0</aSkut>
    <bSkut>1</bSkut>
    <cSkut>0</cSkut>
  </predmetKatedry>
  <predmetKatedry>
    <katedra>KMI</katedra>
    <zkratka>DBT2</zkratka>
    <rok>2019</rok>
    <nazev>Databázové technologie 2</nazev>
    <semestr>ZS</semestr>
    <maVyuku>A</maVyuku>
    <vyukaZS>A</vyukaZS>
    <vyukaLS>N</vyukaLS>
    <jazyk1>CZ</jazyk1>
    <nabizetPrijezdyEcts>N</nabizetPrijezdyEcts>
    <pocetStudentu>0</pocetStudentu>
    <cMax>10</cMax>
    <aSkut>0</aSkut>
    <bSkut>0</bSkut>
    <cSkut>0</cSkut>
  </predmetKatedry>
</predmetyKatedry>