[{"osCislo": "R18549","jmeno": "Karim","prijmeni": "AL KUHALY","stav": "S","userName": "alkka00","stprIdno": "514","nazevSp": "Informatika","fakultaSp": "PRF","kodSp": "B1801","formaSp": "P","typSp": "B","typSpKey": "7","mistoVyuky": "O","rocnik": "2","financovani": "1","oborKomb": "APLINF","oborIdnos": "1037","email": "alkka00@prfnw.upol.cz","cisloKarty": "15DCF797","pohlavi": "M","evidovanBankovniUcet": "N","statutPredmetu": "B"},{"osCislo": "R18128","jmeno": "Jiří","prijmeni": "BERAN","stav": "S","userName": "beraji03","stprIdno": "514","nazevSp": "Informatika","fakultaSp": "PRF","kodSp": "B1801","formaSp": "P","typSp": "B","typSpKey": "7","mistoVyuky": "O","rocnik": "2","financovani": "1","oborKomb": "INF","oborIdnos": "45","email": "beraji03@prfnw.upol.cz","cisloKarty": "CCB0BE96","pohlavi": "M","evidovanBankovniUcet": "A","statutPredmetu": "B"},{"osCislo": "R18556","jmeno": "Daniel","prijmeni": "DVOŘÁK","stav": "S","userName": "dvorda10","stprIdno": "514","nazevSp": "Informatika","fakultaSp": "PRF","kodSp": "B1801","formaSp": "P","typSp": "B","typSpKey": "7","mistoVyuky": "O","rocnik": "2","financovani": "1","oborKomb": "APLINF","oborIdnos": "1037","email": "dvorda10@prfnw.upol.cz","cisloKarty": "CCAD3426","pohlavi": "M","evidovanBankovniUcet": "A","statutPredmetu": "B"},{"osCislo": "R180499","jmeno": "Ruslan","prijmeni": "DYSHLIUK","stav": "S","userName": "dyshru00","stprIdno": "514","nazevSp": "Informatika","fakultaSp": "PRF","kodSp": "B1801","formaSp": "P","typSp": "B","typSpKey": "7","mistoVyuky": "O","rocnik": "2","financovani": "1","oborKomb": "INF","oborIdnos": "45","email": "dyshru00@prfnw.upol.cz","cisloKarty": "15E1F537","pohlavi": "M","evidovanBankovniUcet": "A","statutPredmetu": "B"},{"osCislo": "R180023","jmeno": "Šimon","prijmeni": "FIALA","stav": "S","userName": "fialsi00","stprIdno": "514","nazevSp": "Informatika","fakultaSp": "PRF","kodSp": "B1801","formaSp": "P","typSp": "B","typSpKey": "7","mistoVyuky": "O","rocnik": "2","financovani": "1","oborKomb": "APLINF","oborIdnos": "1037","email": "fialsi00@prfnw.upol.cz","cisloKarty": "15DDC287","pohlavi": "M","evidovanBankovniUcet": "A","statutPredmetu": "B"},{"osCislo": "R18560","jmeno": "Michael","prijmeni": "HANZL","stav": "S","userName": "hanzmi00","stprIdno": "514","nazevSp": "Informatika","fakultaSp": "PRF","kodSp": "B1801","formaSp": "P","typSp": "B","typSpKey": "7","mistoVyuky": "O","rocnik": "2","financovani": "1","oborKomb": "APLINF","oborIdnos": "1037","email": "hanzmi00@prfnw.upol.cz","cisloKarty": "15E2F487","pohlavi": "M","evidovanBankovniUcet": "A","statutPredmetu": "B"},{"osCislo": "R18562","jmeno": "Petr","prijmeni": "JANČÁR","stav": "S","userName": "jancpe03","stprIdno": "514","nazevSp": "Informatika","fakultaSp": "PRF","kodSp": "B1801","formaSp": "P","typSp": "B","typSpKey": "7","mistoVyuky": "O","rocnik": "2","financovani": "1","oborKomb": "APLINF","oborIdnos": "1037","email": "jancpe03@prfnw.upol.cz","cisloKarty": "CCB0BCD6","pohlavi": "M","evidovanBankovniUcet": "A","statutPredmetu": "B"},{"osCislo": "R18133","jmeno": "Ivana","prijmeni": "JELÍNKOVÁ","stav": "S","userName": "jeliiv01","stprIdno": "514","nazevSp": "Informatika","fakultaSp": "PRF","kodSp": "B1801","formaSp": "P","typSp": "B","typSpKey": "7","mistoVyuky": "O","rocnik": "2","financovani": "1","oborKomb": "INF","oborIdnos": "45","email": "jeliiv01@prfnw.upol.cz","cisloKarty": "CCB50A16","pohlavi": "Ž","evidovanBankovniUcet": "A","statutPredmetu": "B"},{"osCislo": "R18566","jmeno": "Lukáš","prijmeni": "JIŘÍČEK","stav": "S","userName": "jirilu00","stprIdno": "514","nazevSp": "Informatika","fakultaSp": "PRF","kodSp": "B1801","formaSp": "P","typSp": "B","typSpKey": "7","mistoVyuky": "O","rocnik": "2","financovani": "1","oborKomb": "APLINF","oborIdnos": "1037","email": "jirilu00@prfnw.upol.cz","cisloKarty": "0CA3A117","pohlavi": "M","evidovanBankovniUcet": "A","statutPredmetu": "B"},{"osCislo": "R18571","jmeno": "Petr","prijmeni": "KOZÁK","stav": "S","userName": "kozape03","stprIdno": "514","nazevSp": "Informatika","fakultaSp": "PRF","kodSp": "B1801","formaSp": "P","typSp": "B","typSpKey": "7","mistoVyuky": "O","rocnik": "2","financovani": "1","oborKomb": "APLINF","oborIdnos": "1037","email": "kozape03@prfnw.upol.cz","cisloKarty": "4A289494","pohlavi": "M","evidovanBankovniUcet": "A","statutPredmetu": "B"},{"osCislo": "R18573","jmeno": "Jakub","prijmeni": "KRBEC","stav": "S","userName": "krbeja01","stprIdno": "514","nazevSp": "Informatika","fakultaSp": "PRF","kodSp": "B1801","formaSp": "P","typSp": "B","typSpKey": "7","mistoVyuky": "O","rocnik": "2","financovani": "1","oborKomb": "APLINF","oborIdnos": "1037","email": "krbeja01@prfnw.upol.cz","cisloKarty": "CCB5BBA6","pohlavi": "M","evidovanBankovniUcet": "A","statutPredmetu": "B"},{"osCislo": "R18576","jmeno": "Martin","prijmeni": "KUREK","stav": "S","userName": "kurema01","stprIdno": "514","nazevSp": "Informatika","fakultaSp": "PRF","kodSp": "B1801","formaSp": "P","typSp": "B","typSpKey": "7","mistoVyuky": "O","rocnik": "2","financovani": "1","oborKomb": "APLINF","oborIdnos": "1037","email": "kurema01@prfnw.upol.cz","cisloKarty": "CCB5BA36","pohlavi": "M","evidovanBankovniUcet": "A","statutPredmetu": "B"},{"osCislo": "R18577","jmeno": "David","prijmeni": "KVĚTOŇ","stav": "S","userName": "kvetda00","stprIdno": "514","nazevSp": "Informatika","fakultaSp": "PRF","kodSp": "B1801","formaSp": "P","typSp": "B","typSpKey": "7","mistoVyuky": "O","rocnik": "2","financovani": "1","oborKomb": "APLINF","oborIdnos": "1037","email": "kvetda00@prfnw.upol.cz","cisloKarty": "CCA98206","pohlavi": "M","evidovanBankovniUcet": "A","statutPredmetu": "B"},{"osCislo": "R18578","jmeno": "Matěj","prijmeni": "LÁNÍK","stav": "S","userName": "lanima00","stprIdno": "514","nazevSp": "Informatika","fakultaSp": "PRF","kodSp": "B1801","formaSp": "P","typSp": "B","typSpKey": "7","mistoVyuky": "O","rocnik": "2","financovani": "1","oborKomb": "APLINF","oborIdnos": "1037","email": "lanima00@prfnw.upol.cz","cisloKarty": "CCB05496","pohlavi": "M","evidovanBankovniUcet": "N","statutPredmetu": "B"},{"osCislo": "R18585","jmeno": "Vladimír","prijmeni": "OPLUŠTIL","stav": "S","userName": "opluvl00","stprIdno": "514","nazevSp": "Informatika","fakultaSp": "PRF","kodSp": "B1801","formaSp": "P","typSp": "B","typSpKey": "7","mistoVyuky": "O","rocnik": "2","financovani": "1","oborKomb": "APLINF","oborIdnos": "1037","email": "opluvl00@prfnw.upol.cz","cisloKarty": "CCB4F106","pohlavi": "M","evidovanBankovniUcet": "N","statutPredmetu": "B"},{"osCislo": "R18139","jmeno": "Kristína","prijmeni": "POLÁKOVÁ","stav": "S","userName": "polakr04","stprIdno": "514","nazevSp": "Informatika","fakultaSp": "PRF","kodSp": "B1801","formaSp": "P","typSp": "B","typSpKey": "7","mistoVyuky": "O","rocnik": "2","financovani": "1","oborKomb": "INF","oborIdnos": "45","email": "polakr04@prfnw.upol.cz","cisloKarty": "CCB5A936","pohlavi": "Ž","evidovanBankovniUcet": "A","statutPredmetu": "B"},{"osCislo": "R18588","jmeno": "Martin","prijmeni": "POPELKA","stav": "S","userName": "popema06","stprIdno": "514","nazevSp": "Informatika","fakultaSp": "PRF","kodSp": "B1801","formaSp": "P","typSp": "B","typSpKey": "7","mistoVyuky": "O","rocnik": "2","financovani": "1","oborKomb": "APLINF","oborIdnos": "1037","email": "popema06@prfnw.upol.cz","cisloKarty": "CCAFB1D6","pohlavi": "M","evidovanBankovniUcet": "A","statutPredmetu": "B"},{"osCislo": "R18592","jmeno": "Martin","prijmeni": "PŮDA","stav": "S","userName": "pudama00","stprIdno": "514","nazevSp": "Informatika","fakultaSp": "PRF","kodSp": "B1801","formaSp": "P","typSp": "B","typSpKey": "7","mistoVyuky": "O","rocnik": "2","financovani": "1","oborKomb": "APLINF","oborIdnos": "1037","email": "pudama00@prfnw.upol.cz","cisloKarty": "CCB0C2C6","pohlavi": "M","evidovanBankovniUcet": "N","statutPredmetu": "B"},{"osCislo": "R18593","jmeno": "Daniel","prijmeni": "RÁBEL","stav": "S","userName": "rabeda01","stprIdno": "514","nazevSp": "Informatika","fakultaSp": "PRF","kodSp": "B1801","formaSp": "P","typSp": "B","typSpKey": "7","mistoVyuky": "O","rocnik": "2","financovani": "1","oborKomb": "APLINF","oborIdnos": "1037","email": "rabeda01@prfnw.upol.cz","cisloKarty": "CCA952B6","pohlavi": "M","evidovanBankovniUcet": "A","statutPredmetu": "B"},{"osCislo": "R18140","jmeno": "Jakub","prijmeni": "REŽŇÁK","stav": "S","userName": "reznja03","stprIdno": "514","nazevSp": "Informatika","fakultaSp": "PRF","kodSp": "B1801","formaSp": "P","typSp": "B","typSpKey": "7","mistoVyuky": "O","rocnik": "2","financovani": "1","oborKomb": "INF","oborIdnos": "45","email": "reznja03@prfnw.upol.cz","cisloKarty": "CCB47786","pohlavi": "M","evidovanBankovniUcet": "N","statutPredmetu": "B"},{"osCislo": "R18596","jmeno": "Radim","prijmeni": "SKOUPIL","stav": "S","userName": "skoura00","stprIdno": "514","nazevSp": "Informatika","fakultaSp": "PRF","kodSp": "B1801","formaSp": "P","typSp": "B","typSpKey": "7","mistoVyuky": "O","rocnik": "2","financovani": "1","oborKomb": "APLINF","oborIdnos": "1037","email": "skoura00@prfnw.upol.cz","cisloKarty": "CCB33356","pohlavi": "M","evidovanBankovniUcet": "A","statutPredmetu": "B"},{"osCislo": "R18597","jmeno": "Jakub","prijmeni": "SMÝKAL","stav": "S","userName": "smykja00","stprIdno": "514","nazevSp": "Informatika","fakultaSp": "PRF","kodSp": "B1801","formaSp": "P","typSp": "B","typSpKey": "7","mistoVyuky": "O","rocnik": "2","financovani": "1","oborKomb": "APLINF","oborIdnos": "1037","email": "smykja00@prfnw.upol.cz","cisloKarty": "CCB5A586","pohlavi": "M","evidovanBankovniUcet": "A","statutPredmetu": "B"},{"osCislo": "R18599","jmeno": "Radim","prijmeni": "SOBĚHART","stav": "S","userName": "sobera00","stprIdno": "514","nazevSp": "Informatika","fakultaSp": "PRF","kodSp": "B1801","formaSp": "P","typSp": "B","typSpKey": "7","mistoVyuky": "O","rocnik": "2","financovani": "1","oborKomb": "APLINF","oborIdnos": "1037","email": "sobera00@prfnw.upol.cz","cisloKarty": "15DD39A7","pohlavi": "M","evidovanBankovniUcet": "A","statutPredmetu": "B"},{"osCislo": "R18601","jmeno": "Daniel","prijmeni": "STONAWSKI","stav": "S","userName": "stonda00","stprIdno": "514","nazevSp": "Informatika","fakultaSp": "PRF","kodSp": "B1801","formaSp": "P","typSp": "B","typSpKey": "7","mistoVyuky": "O","rocnik": "2","financovani": "1","oborKomb": "APLINF","oborIdnos": "1037","email": "stonda00@prfnw.upol.cz","cisloKarty": "0C6B1577","pohlavi": "M","evidovanBankovniUcet": "A","statutPredmetu": "B"},{"osCislo": "R18602","jmeno": "Petr","prijmeni": "SUCHÁNEK","stav": "S","userName": "suchpe02","stprIdno": "514","nazevSp": "Informatika","fakultaSp": "PRF","kodSp": "B1801","formaSp": "P","typSp": "B","typSpKey": "7","mistoVyuky": "O","rocnik": "2","financovani": "1","oborKomb": "APLINF","oborIdnos": "1037","email": "suchpe02@prfnw.upol.cz","cisloKarty": "F6DEBA15","pohlavi": "M","evidovanBankovniUcet": "A","statutPredmetu": "B"},{"osCislo": "R18606","jmeno": "Miroslav","prijmeni": "ŠTEFKA","stav": "S","userName": "stefmi07","stprIdno": "514","nazevSp": "Informatika","fakultaSp": "PRF","kodSp": "B1801","formaSp": "P","typSp": "B","typSpKey": "7","mistoVyuky": "O","rocnik": "2","financovani": "1","oborKomb": "APLINF","oborIdnos": "1037","email": "stefmi07@prfnw.upol.cz","cisloKarty": "15DCF197","pohlavi": "M","evidovanBankovniUcet": "A","statutPredmetu": "B"},{"osCislo": "R18608","jmeno": "Marek","prijmeni": "TREFIL","stav": "S","userName": "trefma01","stprIdno": "514","nazevSp": "Informatika","fakultaSp": "PRF","kodSp": "B1801","formaSp": "P","typSp": "B","typSpKey": "7","mistoVyuky": "O","rocnik": "2","financovani": "1","oborKomb": "APLINF","oborIdnos": "1037","email": "trefma01@prfnw.upol.cz","cisloKarty": "CCB20BC6","pohlavi": "M","evidovanBankovniUcet": "N","statutPredmetu": "B"},{"osCislo": "R18611","jmeno": "Jaroslav","prijmeni": "VEČEŘA","stav": "S","userName": "veceja06","stprIdno": "514","nazevSp": "Informatika","fakultaSp": "PRF","kodSp": "B1801","formaSp": "P","typSp": "B","typSpKey": "7","mistoVyuky": "O","rocnik": "2","financovani": "1","oborKomb": "APLINF","oborIdnos": "1037","email": "veceja06@prfnw.upol.cz","cisloKarty": "15D6FF77","pohlavi": "M","evidovanBankovniUcet": "A","statutPredmetu": "B"}]