﻿<?xml version="1.0" encoding="UTF-8"?>
<Ucitele>
  <Ucitel>
    <ucitIdno>17525</ucitIdno>
    <jmeno>Petr</jmeno>
    <prijmeni>Cintula</prijmeni>
    <titulPred>doc. Ing.</titulPred>
    <titulZa>Ph.D.</titulZa>
    <platnost>A</platnost>
    <zamestnanec>N</zamestnanec>
    <katedra>KMI</katedra>
    <pracovisteDalsi>
    </pracovisteDalsi>
    <email>
    </email>
    <telefon>
    </telefon>
    <telefon2>
    </telefon2>
    <url>
    </url>
  </Ucitel>
  <Ucitel>
    <ucitIdno>36834</ucitIdno>
    <jmeno>Petr</jmeno>
    <prijmeni>Freiberg</prijmeni>
    <titulPred>Mgr.</titulPred>
    <titulZa>
    </titulZa>
    <platnost>A</platnost>
    <zamestnanec>A</zamestnanec>
    <katedra>KMI</katedra>
    <pracovisteDalsi>
    </pracovisteDalsi>
    <email>
    </email>
    <telefon>
    </telefon>
    <telefon2>
    </telefon2>
    <url>
    </url>
  </Ucitel>
  <Ucitel>
    <ucitIdno>18874</ucitIdno>
    <jmeno>Petr</jmeno>
    <prijmeni>Jančar</prijmeni>
    <titulPred>prof. RNDr.</titulPred>
    <titulZa>CSc.</titulZa>
    <platnost>A</platnost>
    <zamestnanec>A</zamestnanec>
    <katedra>KMI</katedra>
    <pracovisteDalsi>
    </pracovisteDalsi>
    <email>petr.jancar@upol.cz</email>
    <telefon>
    </telefon>
    <telefon2>
    </telefon2>
    <url>
    </url>
  </Ucitel>
  <Ucitel>
    <ucitIdno>4263</ucitIdno>
    <jmeno>Petr</jmeno>
    <prijmeni>Krajča</prijmeni>
    <titulPred>Mgr.</titulPred>
    <titulZa>Ph.D.</titulZa>
    <platnost>A</platnost>
    <zamestnanec>A</zamestnanec>
    <katedra>KMI</katedra>
    <pracovisteDalsi>
    </pracovisteDalsi>
    <email>petr.krajca@upol.cz</email>
    <telefon>
    </telefon>
    <telefon2>
    </telefon2>
    <url>
    </url>
  </Ucitel>
  <Ucitel>
    <ucitIdno>4249</ucitIdno>
    <jmeno>Petr</jmeno>
    <prijmeni>Osička</prijmeni>
    <titulPred>Mgr.</titulPred>
    <titulZa>Ph.D.</titulZa>
    <platnost>A</platnost>
    <zamestnanec>A</zamestnanec>
    <katedra>KMI</katedra>
    <pracovisteDalsi>
    </pracovisteDalsi>
    <email>petr.osicka@upol.cz</email>
    <telefon>
    </telefon>
    <telefon2>
    </telefon2>
    <url>
    </url>
  </Ucitel>
  <Ucitel>
    <ucitIdno>36831</ucitIdno>
    <jmeno>Petr</jmeno>
    <prijmeni>Přikryl</prijmeni>
    <titulPred>Bc.</titulPred>
    <titulZa>
    </titulZa>
    <platnost>A</platnost>
    <zamestnanec>A</zamestnanec>
    <katedra>KMI</katedra>
    <pracovisteDalsi>
    </pracovisteDalsi>
    <email>
    </email>
    <telefon>
    </telefon>
    <telefon2>
    </telefon2>
    <url>
    </url>
  </Ucitel>
</Ucitele>